numero_semaine;date_debut;date_fin;phase;tache;agent_responsable;persona;canal;priorite;duree_estimee;livrable;dependance;validation_humaine;kpi;statut
S1;2026-08-01;2026-08-07;Phase 1;Valider positionnement, personas et piliers editoriaux;marketing-director / content-strategist;Tous;Interne;Haute;4h;Docs LOT 1 valides;Aucune;Oui;n/a;A faire
S1;2026-08-01;2026-08-07;Phase 1;Selectionner les canaux prioritaires par persona;marketing-director;Tous;Interne;Haute;2h;Note de cadrage canaux;S1 positionnement;Oui;n/a;A faire
S1;2026-08-01;2026-08-07;Phase 1;Definir le plan de suivi des sources de leads (UTM + champ source, documente);marketing-director / performance-analyst;Tous;Interne;Haute;2h;Plan de tracking (analytics);Aucune;Oui;n/a;A faire
S2;2026-08-08;2026-08-14;Phase 1;Definir l identite editoriale (ton, charte de formulation);content-strategist / compliance-reviewer;Tous;Interne;Haute;3h;Guide de style;S1 positionnement;Oui;n/a;A faire
S2;2026-08-08;2026-08-14;Phase 1;Preparer les modeles de publication (gabarits, sans redaction finale);content-strategist / social-media-manager / linkedin-writer;Tous;Social;Moyenne;4h;Gabarits de publication;S2 identite;Oui;n/a;A faire
S2;2026-08-08;2026-08-14;Phase 1;Cadrer le 1er lead magnet (Guide 3e pilier 3A/3B);lead-magnet-creator / content-strategist;A - Jeune actif;Site;Haute;3h;Brief lead magnet 1;S1 positionnement;Oui;n/a;A faire
S2;2026-08-08;2026-08-14;Phase 1;Cadrer le 1er flyer (concept et message);visual-flyer-director / content-strategist;B - Famille;Local;Basse;2h;Brief flyer;S2 identite;Oui;n/a;A faire
S3;2026-08-15;2026-08-15;Phase 1;Documenter besoins page/formulaire (specifications, sans modif site);conversion-funnel-designer;A - Jeune actif;Site;Haute;3h;Maquette texte landing;S2 lead magnet;Oui;Parcours OK o/n;A faire
S3;2026-08-15;2026-08-15;Phase 1;Verifier parcours site vers CRM et appels a l action (revue documentaire);marketing-director / performance-analyst;Tous;Site;Haute;2h;Note de verification;Aucune;Oui;Parcours OK o/n;A faire
S3;2026-08-15;2026-08-15;Phase 1;Completer la checklist avant lancement;marketing-director;Tous;Interne;Haute;2h;Checklist remplie;Phase 1;Oui;Pourcentage prets;A faire
S3;2026-08-16;2026-08-21;Phase 2;Rediger et valider les 2-3 premiers posts LinkedIn;linkedin-writer / compliance-reviewer;A - Jeune actif;LinkedIn;Haute;3h;Brouillons LinkedIn;S2 gabarits;Oui;Portee, clics site;A faire
S3;2026-08-16;2026-08-21;Phase 2;Rediger 2-3 posts Instagram/Facebook + 3-5 stories (adaptes);social-media-manager / compliance-reviewer;B - Famille;Instagram/Facebook;Haute;4h;Brouillons IG/FB;S2 gabarits;Oui;Portee, engagement;A faire
S3;2026-08-16;2026-08-21;Phase 2;Finaliser le 1er lead magnet (brouillon complet) + fiche de validation;lead-magnet-creator / compliance-reviewer;A - Jeune actif;Site;Haute;5h;Guide 3e pilier brouillon;S2 lead magnet;Oui;Telechargements;A faire
S3;2026-08-16;2026-08-21;Phase 2;Tester les appels a l action (formulations, liens) en conditions reelles;conversion-funnel-designer / performance-analyst;Tous;Site;Moyenne;2h;Note de test CTA;S3 landing;Oui;Taux de clic CTA;A faire
S4;2026-08-22;2026-08-28;Phase 2;Publications social (2-3 LinkedIn + 2-3 IG/FB + stories);linkedin-writer / social-media-manager / compliance-reviewer;A et B;LinkedIn/Instagram/Facebook;Haute;5h;Brouillons social;S3 Phase 2;Oui;Portee, engagement, clics;A faire
S4;2026-08-22;2026-08-28;Phase 2;Produire le 1er reel pedagogique (script, sans tournage auto);social-media-manager / content-strategist / compliance-reviewer;A - Jeune actif;Reels;Moyenne;3h;Script reel;S2 gabarits;Oui;Vues, retention;A faire
S4;2026-08-22;2026-08-28;Phase 2;Finaliser le 1er flyer (brief graphique complet pour graphiste humain);visual-flyer-director / compliance-reviewer;B - Famille;Local;Basse;3h;Brief flyer finalise;S2 flyer;Oui;n/a;A faire
S4;2026-08-22;2026-08-28;Phase 2;Identifier pistes de visibilite locale et partenariats exploratoires (sans demarchage a froid);marketing-director;B et C;Local;Moyenne;3h;Liste de pistes;Aucune;Oui;Contacts volontaires pris;A faire
S5;2026-08-29;2026-08-30;Phase 2;Premier releve des visites et demandes (J14);performance-analyst;Tous;Analytics;Haute;2h;Mini-rapport J14;Donnees reelles fournies par l humain;Oui;Visites, formulaires;A faire
S5;2026-08-29;2026-08-30;Phase 2;Revue conformite des contenus diffuses (registre a jour);compliance-reviewer;Tous;Interne;Haute;2h;MaJ registre conformite;Contenus S3-S4;Oui;n/a;A faire
S5;2026-08-31;2026-09-04;Phase 3;Analyse des resultats du 1er mois (J30);performance-analyst / marketing-director;Tous;Analytics;Haute;3h;Rapport J30;Donnees reelles;Oui;Engagement, clics, conversions;A faire
S5;2026-08-31;2026-09-04;Phase 3;Recherche d intentions de recherche et selection des premiers sujets SEO;seo-strategist;Tous;SEO;Haute;4h;Liste mots-cles + intentions;Aucune;Oui;n/a;A faire
S5;2026-08-31;2026-09-04;Phase 3;Ajuster cadence et formats selon les premiers signaux;marketing-director / content-strategist;Tous;Interne;Moyenne;2h;Note d ajustement;Rapport J30;Oui;n/a;A faire
S6;2026-09-05;2026-09-11;Phase 3;Rediger le 1er article SEO (brief + brouillon);seo-strategist / content-strategist / compliance-reviewer;A - Jeune actif;SEO/Site;Haute;5h;Brief + brouillon article 1;Sujets SEO S5;Oui;Positions, visites;A faire
S6;2026-09-05;2026-09-11;Phase 3;Publications social (cadence standard + 1 reel);linkedin-writer / social-media-manager / compliance-reviewer;A et B;LinkedIn/Instagram/Facebook/Reels;Haute;6h;Brouillons social;Rapport J30;Oui;Engagement, clics;A faire
S7;2026-09-12;2026-09-18;Phase 3;Cadrer et rediger la 2e ressource (Check-list assurances du foyer);lead-magnet-creator / content-strategist / compliance-reviewer;B - Famille;Site;Haute;5h;Lead magnet 2 brouillon;Rapport J30;Oui;Telechargements;A faire
S7;2026-09-12;2026-09-18;Phase 3;Documenter optimisations de formulaires (specifications, sans modif site);conversion-funnel-designer / compliance-reviewer;Tous;Site;Moyenne;3h;Note d optimisation;Test CTA S3;Oui;Taux de completion formulaire;A faire
S7;2026-09-12;2026-09-18;Phase 3;Publications social (cadence standard);linkedin-writer / social-media-manager / compliance-reviewer;A et B;LinkedIn/Instagram/Facebook;Moyenne;5h;Brouillons social;S6;Oui;Engagement, clics;A faire
S8;2026-09-19;2026-09-25;Phase 3;Developper les sujets et formats les plus performants;content-strategist / social-media-manager / linkedin-writer;A et B;Social/SEO;Haute;5h;Brouillons declines;Rapport J30 + suivi;Oui;Engagement, clics;A faire
S8;2026-09-19;2026-09-25;Phase 3;Rediger le 2e article SEO (brief + brouillon);seo-strategist / content-strategist / compliance-reviewer;B - Famille;SEO/Site;Haute;5h;Brouillon article 2;Article 1;Oui;Positions, visites;A faire
S8;2026-09-19;2026-09-25;Phase 3;Faire avancer 1-2 partenariats exploratoires;marketing-director;B et C;Local;Moyenne;2h;Note partenariats;Pistes S4;Oui;Partenariats actifs;A faire
S9;2026-09-26;2026-09-29;Phase 3;Rapport J60 (analyse consolidee, arret/modif des actions peu efficaces);performance-analyst / marketing-director;Tous;Analytics;Haute;3h;Rapport J60;Donnees reelles;Oui;Conversions, cout/temps par lead;A faire
S9;2026-09-26;2026-09-29;Phase 3;Cadrage tests publicitaires (recommandation, execution seulement apres validation humaine);marketing-director / performance-analyst / compliance-reviewer;A et C;Publicite;Basse;2h;Note tests pub;Rapport J60;Oui - obligatoire avant depense;Cout par lead si lance;A faire
S9;2026-09-26;2026-09-29;Phase 3;Revue conformite globale mi-parcours;compliance-reviewer;Tous;Interne;Haute;2h;MaJ registre conformite;Contenus;Oui;n/a;A faire
S9;2026-09-30;2026-10-02;Phase 4;Augmenter la production sur les contenus performants;content-strategist / social-media-manager / linkedin-writer;A et B;Social/SEO;Haute;5h;Brouillons;Rapport J60;Oui;Clics, conversions;A faire
S9;2026-09-30;2026-10-02;Phase 4;Cadrer la 3e ressource (Guide prevoyance de l independant);lead-magnet-creator / content-strategist;C - Independant;Site;Moyenne;3h;Brief lead magnet 3;Rapport J60;Oui;Telechargements;A faire
S10;2026-10-03;2026-10-09;Phase 4;Creer 1-2 cas pratiques anonymises (fictifs ou anonymises/agreges);content-strategist / compliance-reviewer;B et C;Social/SEO;Haute;4h;Brouillons cas pratiques;Donnees anonymisees validees;Oui;Engagement, clics;A faire
S10;2026-10-03;2026-10-09;Phase 4;Finaliser la 3e ressource (brouillon complet);lead-magnet-creator / compliance-reviewer;C - Independant;Site;Haute;5h;Lead magnet 3;Brief S9;Oui;Telechargements;A faire
S10;2026-10-03;2026-10-09;Phase 4;Publications social (cadence standard);linkedin-writer / social-media-manager / compliance-reviewer;A et B;LinkedIn/Instagram/Facebook;Moyenne;5h;Brouillons social;S9;Oui;Engagement;A faire
S11;2026-10-10;2026-10-16;Phase 4;Developper la demarche de recommandations clients (demande volontaire, cadre ethique);marketing-director / compliance-reviewer;Tous;Relationnel;Moyenne;3h;Note process recommandations;Clients satisfaits cote humain;Oui;Nombre de recommandations;A faire
S11;2026-10-10;2026-10-16;Phase 4;Ameliorer les taux de conversion (tests A/B CTA/landing documentes, sans modif site);conversion-funnel-designer / performance-analyst;Tous;Site;Moyenne;3h;Note tests conversion;Optimisation S7;Oui;Taux de conversion;A faire
S11;2026-10-10;2026-10-16;Phase 4;Rediger le 3e article SEO (brief + brouillon);seo-strategist / content-strategist / compliance-reviewer;C - Independant;SEO;Moyenne;4h;Brouillon article 3;Article 2;Oui;Positions, visites;A faire
S12;2026-10-17;2026-10-23;Phase 4;Consolider les partenariats (bilan et suite);marketing-director;B et C;Local;Moyenne;2h;Bilan partenariats;Partenariats S8;Oui;Partenariats actifs;A faire
S12;2026-10-17;2026-10-23;Phase 4;Documenter les processus (production, validation, traitement des leads);marketing-director / content-strategist;Tous;Interne;Haute;3h;Doc process;Tout le lot;Oui;n/a;A faire
S12;2026-10-17;2026-10-23;Phase 4;Publications social (cadence standard);linkedin-writer / social-media-manager / compliance-reviewer;A et B;LinkedIn/Instagram/Facebook;Moyenne;5h;Brouillons social;S11;Oui;Engagement;A faire
S13;2026-10-24;2026-10-29;Phase 4;Rapport J90 (bilan complet, KPI vs objectifs prudents);performance-analyst / marketing-director;Tous;Analytics;Haute;3h;Rapport J90;Donnees reelles;Oui;Ensemble des KPI;A faire
S13;2026-10-24;2026-10-29;Phase 4;Preparer les 90 jours suivants (priorites, sujets, ressources);marketing-director / content-strategist / seo-strategist;Tous;Interne;Haute;3h;Plan J91-J180 brouillon;Rapport J90;Oui;n/a;A faire
S13;2026-10-24;2026-10-29;Phase 4;Revue conformite finale et archivage des fiches de validation;compliance-reviewer;Tous;Interne;Haute;2h;Registre conformite cloture;Tout le lot;Oui;n/a;A faire
